{
  "IcoMoonType": "selection",
  "icons": [
    {
      "icon": {
        "paths": [
          "M925.714 233.143c-25.143 36.571-56.571 69.143-92.571 95.429 0.571 8 0.571 16 0.571 24 0 244-185.714 525.143-525.143 525.143-104.571 0-201.714-30.286-283.429-82.857 14.857 1.714 29.143 2.286 44.571 2.286 86.286 0 165.714-29.143 229.143-78.857-81.143-1.714-149.143-54.857-172.571-128 11.429 1.714 22.857 2.857 34.857 2.857 16.571 0 33.143-2.286 48.571-6.286-84.571-17.143-148-91.429-148-181.143v-2.286c24.571 13.714 53.143 22.286 83.429 23.429-49.714-33.143-82.286-89.714-82.286-153.714 0-34.286 9.143-65.714 25.143-93.143 90.857 112 227.429 185.143 380.571 193.143-2.857-13.714-4.571-28-4.571-42.286 0-101.714 82.286-184.571 184.571-184.571 53.143 0 101.143 22.286 134.857 58.286 41.714-8 81.714-23.429 117.143-44.571-13.714 42.857-42.857 78.857-81.143 101.714 37.143-4 73.143-14.286 106.286-28.571z"
        ],
        "width": 950.8571428571428,
        "attrs": [],
        "isMulticolor": false,
        "isMulticolor2": false,
        "tags": [
          "twitter"
        ],
        "defaultCode": 61593,
        "grid": 14
      },
      "attrs": [],
      "properties": {
        "name": "twitter",
        "id": 145,
        "order": 289,
        "prevSize": 28,
        "code": 61593
      },
      "setIdx": 0,
      "setId": 6,
      "iconIdx": 145
    },
    {
      "icon": {
        "paths": [
          "M548 6.857v150.857h-89.714c-70.286 0-83.429 33.714-83.429 82.286v108h167.429l-22.286 169.143h-145.143v433.714h-174.857v-433.714h-145.714v-169.143h145.714v-124.571c0-144.571 88.571-223.429 217.714-223.429 61.714 0 114.857 4.571 130.286 6.857z"
        ],
        "width": 602.2582857142856,
        "attrs": [],
        "isMulticolor": false,
        "isMulticolor2": false,
        "tags": [
          "facebook",
          "facebook-f"
        ],
        "defaultCode": 61594,
        "grid": 14
      },
      "attrs": [],
      "properties": {
        "name": "facebook",
        "id": 146,
        "order": 290,
        "prevSize": 28,
        "code": 61594
      },
      "setIdx": 0,
      "setId": 6,
      "iconIdx": 146
    },
    {
      "icon": {
        "paths": [
          "M365.714 694.857c0 41.714-21.714 109.714-73.143 109.714s-73.143-68-73.143-109.714 21.714-109.714 73.143-109.714 73.143 68 73.143 109.714zM731.429 694.857c0 41.714-21.714 109.714-73.143 109.714s-73.143-68-73.143-109.714 21.714-109.714 73.143-109.714 73.143 68 73.143 109.714zM822.857 694.857c0-87.429-53.143-164.571-146.286-164.571-37.714 0-73.714 6.857-111.429 12-29.714 4.571-59.429 6.286-89.714 6.286s-60-1.714-89.714-6.286c-37.143-5.143-73.714-12-111.429-12-93.143 0-146.286 77.143-146.286 164.571 0 174.857 160 201.714 299.429 201.714h96c139.429 0 299.429-26.857 299.429-201.714zM950.857 594.286c0 63.429-6.286 130.857-34.857 189.143-75.429 152.571-282.857 167.429-431.429 167.429-150.857 0-370.857-13.143-449.143-167.429-29.143-57.714-35.429-125.714-35.429-189.143 0-83.429 22.857-162.286 77.714-226.286-10.286-31.429-15.429-64.571-15.429-97.143 0-42.857 9.714-85.714 29.143-124.571 90.286 0 148 39.429 216.571 93.143 57.714-13.714 117.143-20 176.571-20 53.714 0 108 5.714 160 18.286 68-53.143 125.714-91.429 214.857-91.429 19.429 38.857 29.143 81.714 29.143 124.571 0 32.571-5.143 65.143-15.429 96 54.857 64.571 77.714 144 77.714 227.429z"
        ],
        "width": 950.8571428571428,
        "attrs": [],
        "isMulticolor": false,
        "isMulticolor2": false,
        "tags": [
          "github-alt"
        ],
        "defaultCode": 61715,
        "grid": 14
      },
      "attrs": [],
      "properties": {
        "name": "github",
        "id": 247,
        "order": 288,
        "prevSize": 28,
        "code": 61715
      },
      "setIdx": 0,
      "setId": 6,
      "iconIdx": 247
    },
    {
      "icon": {
        "paths": [
          "M123.429 668l344.571 229.714v-205.143l-190.857-127.429zM88 585.714l110.286-73.714-110.286-73.714v147.429zM556 897.714l344.571-229.714-153.714-102.857-190.857 127.429v205.143zM512 616l155.429-104-155.429-104-155.429 104zM277.143 458.857l190.857-127.429v-205.143l-344.571 229.714zM825.714 512l110.286 73.714v-147.429zM746.857 458.857l153.714-102.857-344.571-229.714v205.143zM1024 356v312c0 14.286-7.429 28.571-19.429 36.571l-468 312c-7.429 4.571-16 7.429-24.571 7.429s-17.143-2.857-24.571-7.429l-468-312c-12-8-19.429-22.286-19.429-36.571v-312c0-14.286 7.429-28.571 19.429-36.571l468-312c7.429-4.571 16-7.429 24.571-7.429s17.143 2.857 24.571 7.429l468 312c12 8 19.429 22.286 19.429 36.571z"
        ],
        "width": 1024,
        "attrs": [],
        "isMulticolor": false,
        "isMulticolor2": false,
        "tags": [
          "codepen"
        ],
        "defaultCode": 61899,
        "grid": 14
      },
      "attrs": [],
      "properties": {
        "name": "codepen",
        "id": 417,
        "order": 291,
        "prevSize": 28,
        "code": 61899
      },
      "setIdx": 0,
      "setId": 6,
      "iconIdx": 417
    }
  ],
  "height": 1024,
  "metadata": {
    "name": "icomoon"
  },
  "preferences": {
    "showGlyphs": true,
    "showQuickUse": true,
    "showQuickUse2": true,
    "showSVGs": true,
    "fontPref": {
      "prefix": "icon-",
      "metadata": {
        "fontFamily": "icomoon",
        "majorVersion": 1,
        "minorVersion": 0
      },
      "metrics": {
        "emSize": 1024,
        "baseline": 6.25,
        "whitespace": 50
      },
      "embed": false,
      "showSelector": false,
      "selector": "class",
      "classSelector": ".icon",
      "showMetrics": false,
      "showMetadata": false,
      "showVersion": false,
      "noie8": true,
      "ie7": false
    },
    "imagePref": {
      "prefix": "icon-",
      "png": true,
      "useClassSelector": true,
      "color": 0,
      "bgColor": 16777215,
      "classSelector": ".icon"
    },
    "historySize": 50,
    "showCodes": true,
    "gridSize": 16
  }
}
